<?xml version="1.0" encoding="UTF-8" ?>
<!DOCTYPE mapper PUBLIC "-//mybatis.org//DTD Mapper 3.0//EN" "http://mybatis.org/dtd/mybatis-3-mapper.dtd" >
<mapper namespace="com.manage.frame.address.dao.AddressJdMapper">
	<resultMap id="AddressJdMap" type="com.manage.frame.address.entity.AddressVO">
		<id column="id" property="id" jdbcType="DECIMAL" />
		<result column="level" property="level" jdbcType="VARCHAR" />
		<result column="name" property="name" jdbcType="VARCHAR" />
		<result column="jd_id" property="jdId" jdbcType="DECIMAL" />
		<result column="jd_parent_id" property="jdParentId" jdbcType="DECIMAL" />
		<result column="out_goods_wh" property="outGoodsWh" jdbcType="VARCHAR" />
	</resultMap>
	<sql id="whereStatement">
		<trim prefix="WHERE" prefixOverrides="AND">
			<if test="name != null and name != ''">
				name like '%${name}%'
			</if>
			<if test="level != null and level != ''">
				and level = #{level}
			</if>
			<if test="jdParentId != null and jdParentId != ''">
				and jd_parent_id = #{jdParentId}
			</if>
			<if test="outgoodsWh != null and outgoodsWh != ''">
				and out_goods_wh = #{outgoodsWh}
			</if>
		</trim>
	</sql>
<select id="query" resultMap="AddressJdMap" parameterType="java.util.Map">
		select * from s_address_jd 
		<include refid="whereStatement" />
</select>
<select id="queryPage" resultType="java.lang.Integer" parameterType="java.util.Map">
		select count(*) from s_address_jd 
		<include refid="whereStatement" />
</select>
<select id="find" resultMap="AddressJdMap" parameterType="java.lang.Long">
		select * from s_address_jd where id= #{id}
</select>
<select id="findByJdId" resultMap="AddressJdMap" parameterType="java.lang.Long">
		select * from s_address_jd where jd_id= #{jdId}
</select>
<select id="queryByParentId" resultMap="AddressJdMap" parameterType="java.lang.Long">
		select * from s_address_jd where jd_parent_id = #{jdParentId}
</select>

</mapper>
