<?xml version="1.0" encoding="UTF-8" ?>
<!DOCTYPE mapper PUBLIC "-//mybatis.org//DTD Mapper 3.0//EN" "http://mybatis.org/dtd/mybatis-3-mapper.dtd" >
<mapper namespace="com.manage.frame.user.dao.UserMapper">
	<resultMap id="UserMap" type="com.manage.frame.user.entity.UserVO">
		<id column="Id" property="id" jdbcType="DECIMAL" />
		<result column="creat_time" property="creatTime" jdbcType="TIMESTAMP" />
		<result column="creat_user" property="creatUser" jdbcType="VARCHAR" />
		<result column="dept_code" property="deptCode" jdbcType="VARCHAR" />
		<result column="effect_or_not" property="effectOrNot" jdbcType="VARCHAR" />
		<result column="login_name" property="loginName" jdbcType="VARCHAR" />
		<result column="mobile_phone" property="mobilePhone" jdbcType="VARCHAR" />
		<result column="pass_word" property="passWord" jdbcType="VARCHAR" />
		<result column="remarks" property="remarks" jdbcType="VARCHAR" />
		<result column="sex" property="sex" jdbcType="VARCHAR" />
		<result column="state" property="state" jdbcType="VARCHAR" />
		<result column="update_time" property="updateTime" jdbcType="TIMESTAMP" />
		<result column="update_user" property="updateUser" jdbcType="VARCHAR" />
		<result column="user_code" property="userCode" jdbcType="VARCHAR" />
		<result column="user_name" property="userName" jdbcType="VARCHAR" />
		<result column="role" property="role" jdbcType="VARCHAR" />
		<result column="im_token" property="imToken" jdbcType="VARCHAR"/>
		<result column="invite_code" property="inviteCode" jdbcType="VARCHAR"/>
	</resultMap>
	<sql id="whereStatement">
		<trim prefix="WHERE" prefixOverrides="AND">
			1=1
			<if test="userName != null and userName != ''">
				and user_name like '%${userName}%'
			</if>
			<if test="userCode != null and userCode != ''">
				and user_code like '%${userCode}%'
			</if>
			<if test="loginName != null and loginName != ''">
				and login_name like '%${loginName}%'
			</if>
			<if test="role != null and role != ''">
				and role= #{role}
			</if>
		</trim>
	</sql>
	<select id="query" resultMap="UserMap">
		select * from SYS_USER
		<include refid="whereStatement" />
		<if test="start!=null and start!=''">
			limit ${start}, ${pagesize}
		</if>
	</select>
	<select id="findByUserCode" parameterType="java.lang.String"
		resultType="java.lang.Integer">
		select count(*) from SYS_USER where user_code=#{userCode}
</select>
<select id="getUserByLoginName" parameterType="java.lang.String"
		resultMap="UserMap">
		select * from SYS_USER where login_name=#{_parameter} and state=1
</select>
	<select id="queryPage" resultType="java.lang.Integer"
		parameterType="java.util.Map">
		select count(*) from SYS_USER
		<include refid="whereStatement" />
	</select>
	<select id="find" resultMap="UserMap" parameterType="java.lang.Integer">
		select * from SYS_USER where Id= #{id}</select>
	<select id="getUserByPhone" resultMap="UserMap" parameterType="java.lang.String">
		select * from SYS_USER where mobile_phone= ${_parameter} and state=1</select>
	<select id="getByInviteCode" resultMap="UserMap" parameterType="java.lang.String">
      select * from SYS_USER  where invite_code = #{inviteCode}
    </select>
	<delete id="doDelete" parameterType="java.lang.Integer">
		delete from SYS_USER where Id = #{id}</delete>
	<update id="doDeleteBatch" parameterType="java.lang.Integer">
		update SYS_USER set state='0' where Id in
		<foreach item="id" collection="array" open="(" separator=","
			close=")">
			#{id}
       </foreach>
	</update>
	<update id="doUpdate" parameterType="com.manage.frame.user.entity.UserVO">
		update SYS_USER set 
		dept_code = #{deptCode,jdbcType=VARCHAR},
		effect_or_not = #{effectOrNot,jdbcType=VARCHAR},
		login_name = #{loginName,jdbcType=VARCHAR},
		mobile_phone = #{mobilePhone,jdbcType=VARCHAR},
		pass_word = #{passWord,jdbcType=VARCHAR},
		remarks = #{remarks,jdbcType=VARCHAR},
		sex = #{sex,jdbcType=VARCHAR},
		state = #{state,jdbcType=VARCHAR},
		update_time = now(),
		update_user = #{updateUser,jdbcType=VARCHAR},
		user_code = #{userCode,jdbcType=VARCHAR},
		user_name = #{userName,jdbcType=VARCHAR},
		role = #{role,jdbcType=VARCHAR},
		invite_code = #{inviteCode,jdbcType=VARCHAR},
		im_token = #{imToken,jdbcType=VARCHAR}
		where Id=#{id}</update>
	<insert id="doAdd" parameterType="com.manage.frame.user.entity.UserVO"
		useGeneratedKeys="true" keyProperty="id">
		insert into SYS_USER (creat_time,
		creat_user,
		dept_code,
		effect_or_not,
		login_name,
		mobile_phone,
		pass_word,
		remarks,
		sex,
		state,
		update_time,
		update_user,
		user_code,
		user_name,
		role,
		im_token,
		invite_code
		)
		values (now(),
		#{creatUser,jdbcType=VARCHAR},
		#{deptCode,jdbcType=VARCHAR},
		'1',
		#{loginName,jdbcType=VARCHAR},
		#{mobilePhone,jdbcType=VARCHAR},
		#{passWord,jdbcType=VARCHAR},
		#{remarks,jdbcType=VARCHAR},
		#{sex,jdbcType=VARCHAR},
		'1',
		#{updateTime,jdbcType=TIMESTAMP},
		#{updateUser,jdbcType=VARCHAR},
		#{userCode,jdbcType=VARCHAR},
		#{userName,jdbcType=VARCHAR},
		#{role,jdbcType=VARCHAR},
		#{imToken,jdbcType=VARCHAR},
		#{inviteCode,jdbcType=VARCHAR}
		)
 </insert>
</mapper>
