<?xml version="1.0" encoding="UTF-8" ?>
<!DOCTYPE mapper PUBLIC "-//mybatis.org//DTD Mapper 3.0//EN" "http://mybatis.org/dtd/mybatis-3-mapper.dtd" >
<mapper
	namespace="com.manage.frame.dic.dao.DicMapper">
	<resultMap
		id="DicMap"
		type="com.manage.frame.dic.entity.DicVO">
		<id
			column="id"
			property="id"
			jdbcType="DECIMAL" />
		<result
			column="code"
			property="code"
			jdbcType="VARCHAR" />
		<result
			column="name"
			property="name"
			jdbcType="VARCHAR" />
		<result
			column="parent_id"
			property="parentId"
			jdbcType="DECIMAL" />
	</resultMap>
	<select
		id="query"
		resultMap="DicMap">
		select * from SYS_DIC where parent_id is null
	</select>
	<select
		id="queryIsExist"
		resultType="java.lang.Integer" parameterType="java.lang.String">
		select * from SYS_DIC where name in  (<![CDATA[${_parameter}]]>) 
	</select>
	<select
		id="find"
		resultMap="DicMap"
		parameterType="java.lang.Integer"> select * from SYS_DIC where id= #{_parameter}</select>
	<delete
		id="doDelete"
		parameterType="java.lang.Integer"> delete from SYS_DIC where id = #{_parameter}</delete>
	<update
		id="doUpdate"
		parameterType="com.manage.frame.dic.entity.DicVO"> update SYS_DIC set name =
		#{name,jdbcType=VARCHAR} where id=#{id}</update>
	<insert
		id="doAdd"
		parameterType="com.manage.frame.dic.entity.DicVO"
		useGeneratedKeys="true"
		keyProperty="id"> insert into SYS_DIC (code, name, parent_id ) values (#{code,jdbcType=VARCHAR},
		#{name,jdbcType=VARCHAR}, #{parentId,jdbcType=DECIMAL} ) </insert>
	<select
		id="queryByCode"
		resultMap="DicMap">
		select * from SYS_DIC where parent_id =(select a.id from sys_dic a where a.code=#{_parameter})
	</select>
	<select
		id="findByCode"
		resultMap="DicMap"
		parameterType="java.lang.Integer"> select * from SYS_DIC where code= #{_parameter}</select>
</mapper>