<?xml version="1.0" encoding="UTF-8" ?>
<!DOCTYPE mapper PUBLIC "-//mybatis.org//DTD Mapper 3.0//EN" "http://mybatis.org/dtd/mybatis-3-mapper.dtd" >
<mapper namespace="com.manage.ct.customer.dao.CustomerMapper">
	<resultMap id="CustomerMap" type="com.manage.ct.customer.entity.CustomerVO">
		<result column="valuess" property="valuess" jdbcType="DECIMAL" />
		<result column="cityName" property="cityName" jdbcType="VARCHAR" />
		<result column="keyType" property="keyType" jdbcType="VARCHAR" />
		<result column="type" property="type" jdbcType="VARCHAR" />
	</resultMap>
	<select id="query" resultMap="CustomerMap">
		select count(*) valuess,d.city cityName,c.keyworks keyType from s_customer c
		LEFT JOIN s_city d on d.id=c.city 
		where 1=1
		<if test="keyType != null and keyType != ''"> 
			and c.keyworks = #{keyType}
		</if>
		<if test="keyType == null "> 
			and c.keyworks = '阿香'
		</if>
		GROUP BY c.city,c.keyworks ORDER BY valuess desc 
	</select>
	<select id="queryMap" resultMap="CustomerMap">
		select count(*) valuess,IF(`status`=1,'收费项目数','取消项目数') cityName,'总数' type from tb_project 
		where 1=1
		<if test="keyType != null and keyType != ''"> 
			and (cc_name like  '%${keyType}%' or cc_tname like '%${keyType}%')
		</if>
		<if test="keyType == null "> 
			and (cc_name like  '%阿香%' or cc_tname like '%阿香%')
		</if>
		and `status` in (1,2) GROUP BY `status`    		
	</select>
	<select id="queryPSF" resultMap="CustomerMap">
		select count(*) valuess,aj.`name` cityName,'饼图' keyType from tb_project p 
		LEFT JOIN s_address_jd aj on aj.jd_id = p.province_id
		where 1=1
		<if test="keyType != null and keyType != ''"> 
			and (cc_name like  '%${keyType}%' or cc_tname like '%${keyType}%')
		</if>
		<if test="keyType == null "> 
			and (cc_name like  '%阿香%' or cc_tname like '%阿香%')
		</if>
		and aj.`name` in('北京','上海','天津','重庆') GROUP BY aj.`name` ORDER BY count(*) desc
	</select>
	<select id="queryCSSF" resultMap="CustomerMap">
		select count(*) valuess,aj1.`name` cityName,'饼图' type from tb_project p 
		LEFT JOIN s_address_jd aj on aj.jd_id = p.province_id
		LEFT JOIN s_address_jd aj1 on aj1.jd_id = p.city_id
		where 1=1
		<if test="keyType != null and keyType != ''"> 
			and (cc_name like  '%${keyType}%' or cc_tname like '%${keyType}%')
		</if>
		<if test="keyType == null "> 
			and (cc_name like  '%阿香%' or cc_tname like '%阿香%')
		</if>
		and aj.`name` not in('北京','上海','天津','重庆') GROUP BY aj1.`name` ORDER BY count(*) desc
	</select>
	<select id="queryPT" resultMap="CustomerMap">
		select keyworks keyType from s_customer  GROUP BY keyworks 
	</select>
	<select id="queryNull" resultMap="CustomerMap">
		select count(*) valuess,aj1.`name` cityName,'饼图' type from tb_project p 
		LEFT JOIN s_address_jd aj on aj.jd_id = p.province_id
		LEFT JOIN s_address_jd aj1 on aj1.jd_id = p.city_id
		where 1=1
		<if test="keyType != null and keyType != ''"> 
			and (cc_name like  '%${keyType}%' or cc_tname like '%${keyType}%')
		</if>
		<if test="keyType == null "> 
			and (cc_name like  '%阿香%' or cc_tname like '%阿香%')
		</if>
		and aj.`name` is null GROUP BY aj1.`name` ORDER BY count(*) desc
	</select>
	<select id="queryRestaurant" resultType="com.manage.ct.customer.entity.RestaurantVO"  parameterType="java.lang.Integer">
		select sc.city cityName,c.isbranch isbranch,c.keyworks keyworks,c.shoplevel shoplevel,
		c.shopname shopname,c.n_location location,c.n_shopareas shopareas from s_customer c
		left join s_city sc on sc.id=c.city where 1=1
		<if test="keyworks != null and keyworks != ''"> 
			and c.keyworks like '%${keyworks}%'
		</if>  
		order by c.city asc
		<if test="start!=null and start!=''">
			limit ${start}, ${pagesize}
		</if>
	</select>
		<select id="queryRestaurantPage" resultType="java.lang.Integer" parameterType="java.util.Map">
		select count(*) from s_customer c
		left join s_city sc on sc.id=c.city where 1=1
		<if test="keyworks != null and keyworks != ''"> 
			and c.keyworks like '%${keyworks}%'
		</if>  
		order by c.city asc
	</select>
</mapper>
