<?xml version="1.0" encoding="UTF-8" ?>
<!DOCTYPE mapper PUBLIC "-//mybatis.org//DTD Mapper 3.0//EN" "http://mybatis.org/dtd/mybatis-3-mapper.dtd" >
<mapper
	namespace="com.manage.ct.customer.dao.DianpingShopsMapper">
	<resultMap id="DianpingShopsMap"
		type="com.manage.ct.customer.entity.DianpingShopsVO">
		<id column="id" property="id" jdbcType="DECIMAL" />
		<result column="address" property="address" jdbcType="VARCHAR" />
		<result column="alias" property="alias" jdbcType="VARCHAR" />
		<result column="area_code" property="areaCode"
			jdbcType="VARCHAR" />
		<result column="avg_price" property="avgPrice"
			jdbcType="VARCHAR" />
		<result column="bad_remarks" property="badRemarks"
			jdbcType="VARCHAR" />
		<result column="big_cate" property="bigCate" jdbcType="VARCHAR" />
		<result column="big_cate_id" property="bigCateId"
			jdbcType="VARCHAR" />
		<result column="bookable" property="bookable"
			jdbcType="VARCHAR" />
		<result column="city" property="city" jdbcType="VARCHAR" />
		<result column="city_id" property="cityId" jdbcType="VARCHAR" />
		<result column="cross_road" property="crossRoad"
			jdbcType="VARCHAR" />
		<result column="default_pic" property="defaultPic"
			jdbcType="VARCHAR" />
		<result column="environment_rating"
			property="environmentRating" jdbcType="VARCHAR" />
		<result column="good_remarks" property="goodRemarks"
			jdbcType="VARCHAR" />
		<result column="is_closed" property="isClosed"
			jdbcType="VARCHAR" />
		<result column="latitude" property="latitude"
			jdbcType="VARCHAR" />
		<result column="longitude" property="longitude"
			jdbcType="VARCHAR" />
		<result column="name" property="name" jdbcType="VARCHAR" />
		<result column="phone" property="phone" jdbcType="VARCHAR" />
		<result column="product_rating" property="productRating"
			jdbcType="VARCHAR" />
		<result column="province" property="province"
			jdbcType="VARCHAR" />
		<result column="real_city" property="realCity"
			jdbcType="VARCHAR" />
		<result column="region" property="region" jdbcType="VARCHAR" />
		<result column="review_count" property="reviewCount"
			jdbcType="VARCHAR" />
		<result column="samll_cate_id" property="samllCateId"
			jdbcType="VARCHAR" />
		<result column="service_rating" property="serviceRating"
			jdbcType="VARCHAR" />
		<result column="shop_id" property="shopId" jdbcType="VARCHAR" />
		<result column="small_cate" property="smallCate"
			jdbcType="VARCHAR" />
		<result column="stars" property="stars" jdbcType="VARCHAR" />
		<result column="take-away" property="takeAway"
			jdbcType="VARCHAR" />

	</resultMap>
	<sql id="whereStatement">
		<trim prefix="WHERE" prefixOverrides="AND">
			1=1
			<if test="id != null and id != ''">
				and id = ${id}
			</if>
			<if test="name != null and name != ''">
				and name = #{name}
			</if>
			<if test="city != null and city != ''">
				and city = #{city}
			</if>
			<if test="ppName != null and ppName != ''">
				and name = #{ppName}
			</if>
		</trim>
	</sql>
	<select id="query" resultMap="DianpingShopsMap">
		select * from DIANPING_SHOPS
		<include refid="whereStatement" />
		limit ${start}, ${pagesize}
	</select>
	<select id="queryPage" resultType="java.lang.Integer"
		parameterType="java.util.Map">
		select count(*) from DIANPING_SHOPS
		<include refid="whereStatement" />
	</select>
	<select id="find" resultMap="DianpingShopsMap"
		parameterType="java.lang.Long">
		select * from DIANPING_SHOPS where id= #{id}
	</select>
	<delete id="doDelete" parameterType="java.lang.Long">
		delete from DIANPING_SHOPS where id = #{id}
	</delete>
	<update id="doUpdate"
		parameterType="com.manage.ct.customer.entity.DianpingShopsVO">
		update DIANPING_SHOPS set address = #{address,jdbcType=VARCHAR},
		alias = #{alias,jdbcType=VARCHAR},
		area_code = #{areaCode,jdbcType=VARCHAR},
		avg_price = #{avgPrice,jdbcType=VARCHAR},
		bad_remarks = #{badRemarks,jdbcType=VARCHAR},
		big_cate = #{bigCate,jdbcType=VARCHAR},
		big_cate_id = #{bigCateId,jdbcType=VARCHAR},
		bookable = #{bookable,jdbcType=VARCHAR},
		city = #{city,jdbcType=VARCHAR},
		city_id = #{cityId,jdbcType=VARCHAR},
		cross_road = #{crossRoad,jdbcType=VARCHAR},
		default_pic = #{defaultPic,jdbcType=VARCHAR},
		environment_rating = #{environmentRating,jdbcType=VARCHAR},
		good_remarks = #{goodRemarks,jdbcType=VARCHAR},
		is_closed = #{isClosed,jdbcType=VARCHAR},
		latitude = #{latitude,jdbcType=VARCHAR},
		longitude = #{longitude,jdbcType=VARCHAR},
		name = #{name,jdbcType=VARCHAR},
		phone = #{phone,jdbcType=VARCHAR},
		product_rating = #{productRating,jdbcType=VARCHAR},
		province = #{province,jdbcType=VARCHAR},
		real_city = #{realCity,jdbcType=VARCHAR},
		region = #{region,jdbcType=VARCHAR},
		review_count = #{reviewCount,jdbcType=VARCHAR},
		samll_cate_id = #{samllCateId,jdbcType=VARCHAR},
		service_rating = #{serviceRating,jdbcType=VARCHAR},
		shop_id = #{shopId,jdbcType=VARCHAR},
		small_cate = #{smallCate,jdbcType=VARCHAR},
		stars = #{stars,jdbcType=VARCHAR},
		take-away = #{take-away,jdbcType=VARCHAR}
		where id=#{id}
	</update>
	<insert id="doAdd"
		parameterType="com.manage.ct.customer.entity.DianpingShopsVO"
		useGeneratedKeys="true" keyProperty="id">
		insert into DIANPING_SHOPS (address,
		alias,
		area_code,
		avg_price,
		bad_remarks,
		big_cate,
		big_cate_id,
		bookable,
		city,
		city_id,
		cross_road,
		default_pic,
		environment_rating,
		good_remarks,
		is_closed,
		latitude,
		longitude,
		name,
		phone,
		product_rating,
		province,
		real_city,
		region,
		review_count,
		samll_cate_id,
		service_rating,
		shop_id,
		small_cate,
		stars,
		take-away
		)
		values (#{address,jdbcType=VARCHAR},
		#{alias,jdbcType=VARCHAR},
		#{areaCode,jdbcType=VARCHAR},
		#{avgPrice,jdbcType=VARCHAR},
		#{badRemarks,jdbcType=VARCHAR},
		#{bigCate,jdbcType=VARCHAR},
		#{bigCateId,jdbcType=VARCHAR},
		#{bookable,jdbcType=VARCHAR},
		#{city,jdbcType=VARCHAR},
		#{cityId,jdbcType=VARCHAR},
		#{crossRoad,jdbcType=VARCHAR},
		#{defaultPic,jdbcType=VARCHAR},
		#{environmentRating,jdbcType=VARCHAR},
		#{goodRemarks,jdbcType=VARCHAR},
		#{isClosed,jdbcType=VARCHAR},
		#{latitude,jdbcType=VARCHAR},
		#{longitude,jdbcType=VARCHAR},
		#{name,jdbcType=VARCHAR},
		#{phone,jdbcType=VARCHAR},
		#{productRating,jdbcType=VARCHAR},
		#{province,jdbcType=VARCHAR},
		#{realCity,jdbcType=VARCHAR},
		#{region,jdbcType=VARCHAR},
		#{reviewCount,jdbcType=VARCHAR},
		#{samllCateId,jdbcType=VARCHAR},
		#{serviceRating,jdbcType=VARCHAR},
		#{shopId,jdbcType=VARCHAR},
		#{smallCate,jdbcType=VARCHAR},
		#{stars,jdbcType=VARCHAR},
		#{take-away,jdbcType=VARCHAR}
		)
	</insert>
</mapper>
