<?xml version="1.0" encoding="UTF-8" ?>
<!DOCTYPE mapper PUBLIC "-//mybatis.org//DTD Mapper 3.0//EN" "http://mybatis.org/dtd/mybatis-3-mapper.dtd" >
<mapper namespace="com.manage.ct.customer.dao.PinpaiMapper">
	<resultMap id="PinpaiMap"
		type="com.manage.ct.customer.entity.PinpaiVO">
		<id column="id" property="id" jdbcType="DECIMAL" />
		<result column="avg_price" property="avgPrice"
			jdbcType="VARCHAR" />
		<result column="city" property="city" jdbcType="VARCHAR" />
		<result column="environment" property="environment"
			jdbcType="VARCHAR" />
		<result column="pp_count" property="ppCount" jdbcType="VARCHAR" />
		<result column="pp_name" property="ppName" jdbcType="VARCHAR" />
		<result column="product" property="product" jdbcType="VARCHAR" />
		<result column="review_count" property="reviewCount"
			jdbcType="VARCHAR" />
		<result column="service" property="service" jdbcType="VARCHAR" />
		<result column="stars" property="stars" jdbcType="VARCHAR" />
		<result column="takeaway" property="takeaway" jdbcType="VARCHAR" />
		<result column="bookable" property="bookable" jdbcType="VARCHAR" />
		<result column="smallcate" property="smallcate" jdbcType="VARCHAR" />
		<result column="goodremarks" property="goodremarks" jdbcType="VARCHAR" />
		<result column="badremarks" property="badremarks" jdbcType="VARCHAR" />
		<result column="status" property="status" jdbcType="DECIMAL" />

	</resultMap>
	<sql id="whereStatement">
		<trim prefix="WHERE" prefixOverrides="AND">
			1=1
			<if test="id != null and id != ''">
				and id = ${id}
			</if>
			<if test="ppName != null and ppName != ''">
				and pp_name like  '%${ppName}%'
			</if>
			<if test="city != null and city != ''">
				and city =  '${city}'
			</if>
			<if test="minPrice != null and minPrice != ''">
				and avg_price &gt; ${minPrice}
			</if>
			<if test="maxPrice != null and maxPrice != ''">
				and avg_price &lt; ${maxPrice}
			</if>
		</trim>
	</sql>


	<select id="query" resultMap="PinpaiMap">
		select * from PINPAI 
		<include refid="whereStatement" />
		and status != 100
		order by status desc,id asc 
		limit ${start}, ${pagesize}
	</select>
	<select id="queryPage" resultType="java.lang.Integer"
		parameterType="java.util.Map">
		select count(*) from PINPAI
		<include refid="whereStatement" />
		and status != 100
	</select>
	<select id="find" resultMap="PinpaiMap"
		parameterType="java.lang.Long">
		select * from PINPAI where id= #{id}
	</select>
	<delete id="doDelete" parameterType="java.lang.Long">
		delete from PINPAI where id
		= #{id}
	</delete>
	<update id="doUpdate"
		parameterType="com.manage.ct.customer.entity.PinpaiVO">
		update PINPAI set <!-- avg_price = #{avgPrice,jdbcType=VARCHAR}, city = 
			#{city,jdbcType=VARCHAR}, environment = #{environment,jdbcType=VARCHAR}, 
			pp_count = #{ppCount,jdbcType=VARCHAR}, pp_name = #{ppName,jdbcType=VARCHAR}, 
			product = #{product,jdbcType=VARCHAR}, review_count = #{reviewCount,jdbcType=VARCHAR}, 
			service = #{service,jdbcType=VARCHAR}, stars = #{stars,jdbcType=VARCHAR}, -->
		status = #{status,jdbcType=DECIMAL}
		where id=#{id}
	</update>
	<insert id="doAdd"
		parameterType="com.manage.ct.customer.entity.PinpaiVO"
		useGeneratedKeys="true" keyProperty="id">
		insert into PINPAI (avg_price,
		city,
		environment,
		pp_count,
		pp_name,
		product,
		review_count,
		service,
		stars,
		status
		)
		values (#{avgPrice,jdbcType=VARCHAR},
		#{city,jdbcType=VARCHAR},
		#{environment,jdbcType=VARCHAR},
		#{ppCount,jdbcType=VARCHAR},
		#{ppName,jdbcType=VARCHAR},
		#{product,jdbcType=VARCHAR},
		#{reviewCount,jdbcType=VARCHAR},
		#{service,jdbcType=VARCHAR},
		#{stars,jdbcType=VARCHAR},
		#{status,jdbcType=DECIMAL}
		)
	</insert>
</mapper>
