<?xml version="1.0" encoding="UTF-8" ?>
<!DOCTYPE mapper PUBLIC "-//mybatis.org//DTD Mapper 3.0//EN" "http://mybatis.org/dtd/mybatis-3-mapper.dtd" >
<mapper namespace="com.manage.ct.customer.dao.PinpaiMainDataMapper">
    <resultMap id="PinpaiMainDataMap" type="com.manage.ct.customer.entity.PinpaiMainDataVO">
        <result column="num" property="num" jdbcType="DECIMAL" />
        <result column="city" property="city" jdbcType="VARCHAR"/>
        <result column="province" property="province" jdbcType="VARCHAR"/>
    </resultMap>
    <select id="query" resultMap="PinpaiMainDataMap">
        SELECT count(1) num,city,province from pinpai GROUP BY  province ORDER BY num desc
    </select>
    
    <select id="queryAllByPinpai" resultMap="PinpaiMainDataMap">
        select count(1) num ,city from dianping_shops where `name` = #{ppName} GROUP BY city order by num desc limit 1,20
    </select>
</mapper>
